<?xml version="1.0" encoding="UTF-8"?>
<iFastGuiConfig>
  <WebPages>

    <WebPageURL>https://www3.financialtrans.com/tf/ifdeskprod?cz=6021108041319</WebPageURL>

    <WebPageCmd>BPROC_BROWSER_LAUNCH</WebPageCmd>
    <Page>
      <CmdName>BPROC_TRANS_PAYMENT_SEARCH</CmdName>
      <PageName>PaymentSearch_MainScreen</PageName>
      <OverrideCMD>BPROC_BROWSER_LAUNCH</OverrideCMD>
      <Parameter type="input">rangeStart</Parameter>
      <Parameter type="input">rangeEnd</Parameter>
      <Parameter type="input">searchType</Parameter>
      <Parameter type="input">searchValue</Parameter>
    </Page>
    <Page>
      <CmdName>BPROC_PAYMENT_SEARCH</CmdName>
      <PageName>PaymentSearch_MainScreen</PageName>
      <OverrideCMD>BPROC_BROWSER_LAUNCH</OverrideCMD>
    </Page>
    <Page>
      <CmdName>BPROC_FUND_CLASS_LIMITATION</CmdName>
      <PageName>FundLimitations_Main</PageName>
      <OverrideCMD>BPROC_BROWSER_LAUNCH</OverrideCMD>
      <Parameter type="input">option</Parameter>
      <Parameter type="input">AccountNum</Parameter>
    </Page>
    <Page>
      <CmdName>BPROC_CLONE_ACCOUNT_BROWSER</CmdName>
      <PageName>CloneAccount_Main</PageName>
      <OverrideCMD>BPROC_BROWSER_LAUNCH</OverrideCMD>
      <Parameter type="input">AccountNum</Parameter>
    </Page>
    <Page>
      <CmdName>BPROC_PAYMENT_BATCH</CmdName>
      <PageName>PaymentRelease_MainScreen</PageName>
      <OverrideCMD>BPROC_BROWSER_LAUNCH</OverrideCMD>
    </Page>
    <Page>
      <CmdName>BPROC_HISTORICAL_PAYMENTS</CmdName>
      <PageName>PaymentSearch_Historical</PageName>
      <OverrideCMD>BPROC_BROWSER_LAUNCH</OverrideCMD>
      <Parameter type="input">auditRecid</Parameter>
    </Page>

    <Page>
      <CmdName>BPROC_MANAGEMENT_FEE_REBATE</CmdName>
      <PageName>ManagementFeeRebate_Main</PageName>
      <OverrideCMD>BPROC_BROWSER_LAUNCH</OverrideCMD>
    </Page>

    <Page>
      <CmdName>BPROC_MANAGEMENT_FEE</CmdName>
      <PageName>ManagementFee_Main</PageName>
      <OverrideCMD>BPROC_BROWSER_LAUNCH</OverrideCMD>
      <Parameter type="input">EntityID</Parameter>
    </Page>

    <Page>
      <CmdName>BPROC_ACCOUNT_BALANCE_OVERRIDE</CmdName>
      <PageName>AccountBalanceOverride_Main</PageName>
      <OverrideCMD>BPROC_BROWSER_LAUNCH</OverrideCMD>
    </Page>

    <Page>
      <CmdName>BPROC_DILUTION_CALCULATOR</CmdName>
      <PageName>DilutionCalculator_Main</PageName>
      <OverrideCMD>BPROC_BROWSER_LAUNCH</OverrideCMD>
    </Page>

    <Page>
      <CmdName>BPROC_MANAGEMENT_FEE_REBATE_DETAILS</CmdName>
      <PageName>ManagementFeeRebate_Details</PageName>
      <OverrideCMD>BPROC_BROWSER_LAUNCH</OverrideCMD>
      <Parameter type="input">FeeID</Parameter>
    </Page>

    <Page>
      <CmdName>BPROC_MANAGEMENT_FEE_ID</CmdName>
      <PageName>ManagementFee_FeeIDMain</PageName>
      <OverrideCMD>BPROC_BROWSER_LAUNCH</OverrideCMD>
      <Parameter type="input">FeeID</Parameter>
    </Page>

    <Page>
      <CmdName>BPROC_TRANS_HISTORY</CmdName>
      <PageName>none</PageName>
      <OverrideCMD>BPROC_TRANS_HISTORY</OverrideCMD>
      <Parameter type="input">AccountNum</Parameter>
      <Parameter type="input">TransNum</Parameter>
      <Parameter type="input">ClassCode</Parameter>
      <Parameter type="input">FundCode</Parameter>
    </Page>
    <Page>
      <CmdName>BPROC_AMS_ASSET_INFO</CmdName>
      <PageName>AMSAssetInfo_Main</PageName>
      <OverrideCMD>BPROC_BROWSER_LAUNCH</OverrideCMD>
      <Parameter type="input">AccountNum</Parameter>
      <Parameter type="input">searchType</Parameter>
    </Page>

  </WebPages>
</iFastGuiConfig>



